{
  "formatVersion": "1.0",
  "thirdPartyLicense":
  [
    {
       "name": "UndoBar for Android",
       "copyright": "Copyright 2011, 2014 Liao Kai",
       "licenseText": "undobar.txt",
       "webSite": "https://github.com/soarcn/UndoBar",
       "usage": ["rm sample"]
    },
    {
      "name": "StickyListHeaders for Android",
      "copyright": "Copyright 2014 Emil Sjölander ",
      "licenseText": "sticky-list-headers.txt",
      "webSite": "https://github.com/emilsjolander/StickyListHeaders",
      "usage": ["rm sample"]
    },
    {
       "name": "google-gson",
       "copyright": "Copyright Google",
       "licenseText": "google-gson.txt",
       "webSite": "https://code.google.com/p/google-gson/",
       "usage": ["scw"]
    },
    {
      "name": "STIX fonts 1.1",
      "copyright": "© 2008 Oleguer Huguet Ibars. All rights reserved.",
      "licenseText": "stix.pdf",
      "webSite": "https://sites.google.com/site/olegueret/stixfonts-ttf",
      "usage": ["maw"]
    },
    {
       "name": "Unicode license",
       "copyright": "Copyright (c) 1991-2014 Unicode, Inc. All rights reserved.",
       "licenseText": "unicode.txt",
       "webSite": "http://www.unicode.org/Public/PROGRAMS/BidiReferenceCpp/v26/",
       "usage": ["styluscore"]
    },
    {
       "name": "Boost",
       "copyright": "Boost Software License - Version 1.0 - August 17th, 2003",
       "licenseText": "boost.txt",
       "webSite": "http://www.boost.org/users/uses_open.html",
       "usage": ["styluscore"]
    },
    {
       "name": "Flexible and Economical UTF-8 Decoder",
       "author": "Bjoern Hoehrmann",
       "copyright": "Copyright (c) 2008-2009 Bjoern Hoehrmann <bjoern@hoehrmann.de>",
       "licenseText": "utf-8-decoder.txt",
       "webSite": "http://bjoern.hoehrmann.de/utf-8/decoder/dfa/",
       "usage": ["styluscore"]
    },
    {
       "name": "OpenGL Mathematics (GLM)",
       "author": "G-Truc Creation",
       "copyright": "Copyright (c) 2005 - 2014 G-Truc Creation",
       "licenseText": "glm-copying.txt",
       "webSite": "http://glm.g-truc.net",
       "usage": ["styluscore"]
    },
    {
       "name": "xxhash",
       "author": "Yann Collet",
       "copyright": "Copyright (C) 2012-2013, Yann Collet.",
       "licenseText": "xxhash.txt",
       "webSite": "https://code.google.com/p/xxhash/",
       "usage": ["sdk"]
    },
    {
       "name": "miniz",
       "author": "Rich Geldreich",
       "licenseText": "miniz.txt",
       "webSite": "https://code.google.com/p/miniz/",
       "usage": ["sdk"]
    },
    {
      "name": "libffi",
      "author": "Anthony Green, Red Hat and others",
      "copyright": "Copyright (c) 1996-2012 Anthony Green, Red Hat, Inc and others.",
      "licenseText": "libffi.txt",
      "webSite": "https://github.com/atgreen/libffi",
      "usage": ["sdk"]
    },
    {
      "name": "libTomCrypt + libTomMath",
      "author": "Sam Hocevar",
      "copyright": "Copyright (C) 2014 Sam Hocevar",
      "licenseText": "libTomCrypt+libTomMath.txt",
      "webSite": "https://libtom.org",
      "usage": ["sdk"]
    }
  ]
}
